{
  "info": {
    "id": "57:8",
    "name": "PhamVanHuy_ChiTietTruyen",
    "type": "FRAME",
    "box": {
      "x": 7368,
      "y": 3141,
      "width": 2805,
      "height": 2644
    },
    "fills": [
      {
        "r": 0.1255473792552948,
        "g": 0.13154122233390808,
        "b": 0.17692317068576813,
        "a": 1
      }
    ],
    "bg": {
      "r": 0.1255473792552948,
      "g": 0.13154122233390808,
      "b": 0.17692317068576813,
      "a": 1
    }
  },
  "children": [
    {
      "info": {
        "id": "57:37",
        "name": "Tiêu đề",
        "type": "FRAME",
        "box": {
          "x": 7368,
          "y": 3265,
          "width": 2805,
          "height": 382
        },
        "fills": [
          {
            "r": 0.24727080762386322,
            "g": 0.2778621017932892,
            "b": 0.3884616196155548,
            "a": 1
          }
        ],
        "bg": {
          "r": 0.24727080762386322,
          "g": 0.2778621017932892,
          "b": 0.3884616196155548,
          "a": 1
        }
      },
      "children": [
        {
          "info": {
            "id": "57:38",
            "name": "#",
            "type": "TEXT",
            "text": "#",
            "fontSize": 50,
            "box": {
              "x": 7415,
              "y": 3360,
              "width": 32,
              "height": 61
            },
            "fills": [
              {
                "r": 1,
                "g": 1,
                "b": 1,
                "a": 1
              }
            ]
          },
          "children": []
        },
        {
          "info": {
            "id": "57:39",
            "name": "Tiêu đề chương",
            "type": "TEXT",
            "text": "Tiêu đề chương",
            "fontSize": 50,
            "box": {
              "x": 7690,
              "y": 3360,
              "width": 369,
              "height": 79
            },
            "fills": [
              {
                "r": 1,
                "g": 1,
                "b": 1,
                "a": 1
              }
            ]
          },
          "children": []
        },
        {
          "info": {
            "id": "57:54",
            "name": "Tổng chương: 1",
            "type": "TEXT",
            "text": "Tổng chương: 1",
            "fontSize": 50,
            "box": {
              "x": 9736,
              "y": 3265,
              "width": 376,
              "height": 61
            },
            "fills": [
              {
                "r": 1,
                "g": 1,
                "b": 1,
                "a": 1
              }
            ]
          },
          "children": []
        },
        {
          "info": {
            "id": "57:52",
            "name": "Danh sách chương urer đã updoad",
            "type": "TEXT",
            "text": "Danh sách chương urer đã updoad",
            "fontSize": 50,
            "box": {
              "x": 7423,
              "y": 3265,
              "width": 841,
              "height": 61
            },
            "fills": [
              {
                "r": 1,
                "g": 1,
                "b": 1,
                "a": 1
              }
            ]
          },
          "children": []
        },
        {
          "info": {
            "id": "57:43",
            "name": "Mã chương",
            "type": "TEXT",
            "text": "Mã chương",
            "fontSize": 50,
            "box": {
              "x": 8372,
              "y": 3379,
              "width": 265,
              "height": 43
            },
            "fills": [
              {
                "r": 1,
                "g": 1,
                "b": 1,
                "a": 1
              }
            ]
          },
          "children": []
        },
        {
          "info": {
            "id": "57:45",
            "name": "Kiểu nội dung",
            "type": "TEXT",
            "text": "Kiểu nội dung",
            "fontSize": 50,
            "box": {
              "x": 9004,
              "y": 3373,
              "width": 324,
              "height": 61
            },
            "fills": [
              {
                "r": 1,
                "g": 1,
                "b": 1,
                "a": 1
              }
            ]
          },
          "children": []
        },
        {
          "info": {
            "id": "57:40",
            "name": "Chapter",
            "type": "TEXT",
            "text": "Chapter",
            "fontSize": 50,
            "box": {
              "x": 7690,
              "y": 3540,
              "width": 191,
              "height": 61
            },
            "fills": [
              {
                "r": 1,
                "g": 1,
                "b": 1,
                "a": 1
              }
            ]
          },
          "children": []
        },
        {
          "info": {
            "id": "57:41",
            "name": "1",
            "type": "TEXT",
            "text": "1",
            "fontSize": 50,
            "box": {
              "x": 7423,
              "y": 3528,
              "width": 24,
              "height": 61
            },
            "fills": [
              {
                "r": 1,
                "g": 1,
                "b": 1,
                "a": 1
              }
            ]
          },
          "children": []
        },
        {
          "info": {
            "id": "57:47",
            "name": "5 Ảnh",
            "type": "TEXT",
            "text": "5 Ảnh",
            "fontSize": 50,
            "box": {
              "x": 9004,
              "y": 3522,
              "width": 138,
              "height": 61
            },
            "fills": [
              {
                "r": 1,
                "g": 1,
                "b": 1,
                "a": 1
              }
            ]
          },
          "children": []
        }
      ]
    },
    {
      "info": {
        "id": "57:50",
        "name": "image 2",
        "type": "RECTANGLE",
        "box": {
          "x": 7952,
          "y": 3647,
          "width": 1528,
          "height": 1600
        },
        "fills": []
      },
      "children": []
    },
    {
      "info": {
        "id": "57:11",
        "name": "Footer ",
        "type": "FRAME",
        "box": {
          "x": 7368,
          "y": 5277,
          "width": 2805,
          "height": 508
        },
        "fills": [
          {
            "r": 0.07450980693101883,
            "g": 0.09803921729326248,
            "b": 0.1568627506494522,
            "a": 1
          }
        ],
        "bg": {
          "r": 0.07450980693101883,
          "g": 0.09803921729326248,
          "b": 0.1568627506494522,
          "a": 1
        }
      },
      "children": [
        {
          "info": {
            "id": "57:12",
            "name": "image 1",
            "type": "RECTANGLE",
            "box": {
              "x": 7488,
              "y": 5333,
              "width": 569,
              "height": 177
            },
            "fills": []
          },
          "children": []
        },
        {
          "info": {
            "id": "57:13",
            "name": "Chính sách bảo mật",
            "type": "TEXT",
            "text": "Chính sách bảo mật",
            "fontSize": 45,
            "box": {
              "x": 7518,
              "y": 5574,
              "width": 401,
              "height": 53
            },
            "fills": [
              {
                "r": 1,
                "g": 1,
                "b": 1,
                "a": 1
              }
            ]
          },
          "children": []
        },
        {
          "info": {
            "id": "57:14",
            "name": "Hỏi đáp",
            "type": "TEXT",
            "text": "Hỏi đáp",
            "fontSize": 45,
            "box": {
              "x": 8031,
              "y": 5661,
              "width": 159,
              "height": 53
            },